,node_name,date,RPM,FUELRATE,ENGINE_LOAD,ENGTEMP,ENGOILPRES,wind_velocity,alignment_factor,signal_instance
0,"12-02, Amalia Wallenberg",2024-03-19,0.004006752,0.0031458412,0.0037179184,0.00796339,0.014274364,0.0038973265,0.03078997,0.25462437
1,"12-02, Amalia Wallenberg",2024-03-20,0.0066804052,0.006325465,0.007199453,0.010387059,0.011349026,0.008099337,0.028707122,0.25568378
2,"12-02, Amalia Wallenberg",2024-03-23,0.011096747,0.015268654,0.013001992,0.009573974,0.013968359,0.009678531,0.031009495,0.25729015
3,"12-02, Amalia Wallenberg",2024-03-24,0.005770813,0.006037683,0.005308978,0.016278543,0.01032825,0.007715916,0.08042201,0.26099563
4,"12-02, Amalia Wallenberg",2024-03-27,0.009706522,0.012263299,0.010680157,0.011319692,0.017872648,0.010140902,0.046656407,0.2592802
5,"12-02, Amalia Wallenberg",2024-03-30,0.005804292,0.008621184,0.006619772,0.0046464317,0.008265639,0.0031783942,0.034290817,0.25107914
6,"12-02, Amalia Wallenberg",2024-03-31,0.005137917,0.0055948794,0.004613977,0.0107067805,0.008171231,0.002937742,0.030161295,0.2515234
7,"12-02, Amalia Wallenberg",2024-04-01,0.010334011,0.010345546,0.014206531,0.02288457,0.024032023,0.011457533,0.13071124,0.28050458
8,"12-02, Amalia Wallenberg",2024-04-03,0.0042388197,0.0046630967,0.0056824596,0.009125866,0.014091538,0.015893731,0.14924577,0.25637367
9,"12-02, Amalia Wallenberg",2024-04-06,0.001343188,0.0018165922,0.0029553166,0.004652871,0.0065090014,0.000993707,0.019525696,0.2642415
10,"12-02, Amalia Wallenberg",2024-04-08,0.0034338958,0.00095750537,0.003964808,0.004966415,0.034984987,0.0049323356,0.01901511,0.25877464
11,"12-02, Amalia Wallenberg",2024-04-10,0.0016945335,0.0028777944,0.0040371334,0.0037392906,0.0174976,0.033134867,0.025896503,0.2541732
12,"12-02, Amalia Wallenberg",2024-04-14,0.0014637744,0.0037333083,0.004014544,0.0059398455,0.028127484,0.102785856,0.029344205,0.25821513
13,"12-02, Amalia Wallenberg",2024-04-15,0.0037739272,0.0019050475,0.0066272034,0.005757087,0.020019272,0.0018456221,0.044332918,0.28328463
14,"12-02, Amalia Wallenberg",2024-04-16,0.013106534,0.02107557,0.011423415,0.0054135527,0.013086517,0.016494947,0.058127698,0.2507136
15,"12-02, Amalia Wallenberg",2024-04-17,0.013655437,0.018487424,0.014333004,0.017318623,0.0156234605,0.009829624,0.059599858,0.26200008
16,"12-02, Amalia Wallenberg",2024-04-18,0.010588493,0.015505275,0.011374212,0.008356947,0.012375711,0.0039768904,0.11405896,0.2550882
17,"12-02, Amalia Wallenberg",2024-04-22,0.0022782625,0.0017319084,0.004770207,0.0053009144,0.014341331,0.0026818323,0.09931382,0.2714501
18,"12-02, Amalia Wallenberg",2024-04-26,0.011281308,0.012674902,0.008719856,0.008272011,0.012940292,0.002228554,0.096971765,0.25760904
19,"12-02, Amalia Wallenberg",2024-04-29,0.018703056,0.017434914,0.013890663,0.006311011,0.020480506,0.004943245,0.023487529,0.25665742
20,"12-02, Amalia Wallenberg",2024-04-30,0.019046402,0.018694848,0.017264577,0.04344331,0.034267064,0.026278121,0.110572584,0.28391418
21,"12-02, Amalia Wallenberg",2024-05-01,0.037896995,0.021723509,0.016034303,0.025809998,0.018411245,0.01606812,0.107815586,0.26384932
22,"12-02, Amalia Wallenberg",2024-05-03,0.013172844,0.016565979,0.012640465,0.03388091,0.017615631,0.012873095,0.13659877,0.27779812
23,"12-02, Amalia Wallenberg",2024-05-04,0.011241048,0.011647847,0.011453285,0.04390855,0.028660329,0.004274372,0.044636942,0.26272997
24,"12-02, Amalia Wallenberg",2024-05-07,0.01112989,0.013857536,0.010228572,0.008563004,0.020579584,0.004519327,0.06224702,0.25964308
25,"12-02, Amalia Wallenberg",2024-05-09,0.011390674,0.015741665,0.010469906,0.013591059,0.012950739,0.00292415,0.03295772,0.25951722
26,"12-02, Amalia Wallenberg",2024-05-10,0.006500119,0.007974846,0.007330336,0.009904787,0.009794741,0.0025894118,0.059939362,0.25779966
27,"12-02, Amalia Wallenberg",2024-05-13,0.010626445,0.015010296,0.00964183,0.0070141377,0.011260991,0.0012575848,0.052220568,0.25293377
28,"12-02, Amalia Wallenberg",2024-05-17,0.011698409,0.015685642,0.013222968,0.014387462,0.016236162,0.0031335673,0.047424592,0.25773692
29,"12-02, Amalia Wallenberg",2024-05-18,0.0045879176,0.0022545855,0.008464493,0.024900468,0.024985995,0.0015197424,0.11254134,0.26557833
30,"12-02, Amalia Wallenberg",2024-05-20,0.009918947,0.01222762,0.009412123,0.014496575,0.014379845,0.00664091,0.08690453,0.26289892
31,"12-02, Amalia Wallenberg",2024-05-24,0.012701262,0.016149746,0.011004709,0.022354985,0.013015554,0.008472594,0.04127471,0.2687026
32,"12-02, Amalia Wallenberg",2024-05-26,0.0060454565,0.008354205,0.0059287995,0.007918678,0.011761003,0.0034717794,0.060052212,0.25855052
33,"12-02, Amalia Wallenberg",2024-05-27,0.012883334,0.018332783,0.013687369,0.02230764,0.02068265,0.009476802,0.045215808,0.26918402
34,"12-02, Amalia Wallenberg",2024-05-28,0.008094735,0.004652363,0.00773237,0.01613266,0.050486136,0.0048460453,0.05735766,0.27408633
35,"12-02, Amalia Wallenberg",2024-05-29,0.009802116,0.011807363,0.010252273,0.016320953,0.013777023,0.0063920617,0.07140282,0.26373872
36,"12-02, Amalia Wallenberg",2024-05-31,0.01352595,0.020891622,0.0136476755,0.026629351,0.017088221,0.013454702,0.11026485,0.2760508
37,"12-02, Amalia Wallenberg",2024-06-01,0.021264324,0.03051932,0.018981047,0.040505316,0.021740885,0.019605994,0.091474496,0.2875016
38,"12-02, Amalia Wallenberg",2024-06-03,0.002163193,0.0024386975,0.003971422,0.002803284,0.017110905,0.0061671324,0.02971352,0.25694016
39,"12-02, Amalia Wallenberg",2024-06-07,0.0052550584,0.004501485,0.004847561,0.00689765,0.014451233,0.007184301,0.025547622,0.2577403
40,"12-02, Amalia Wallenberg",2024-06-08,0.0107321,0.015282216,0.012536098,0.0134635735,0.015527708,0.0131286625,0.042590007,0.2592925
41,"12-02, Amalia Wallenberg",2024-06-10,0.0019181218,0.0012118832,0.0026799538,0.00840764,0.0167973,0.009019308,0.03414106,0.26136994
42,"12-02, Amalia Wallenberg",2024-06-13,0.00641794,0.009969526,0.010563123,0.009826068,0.01254514,0.003855818,0.024529535,0.25077954
43,"12-02, Amalia Wallenberg",2024-06-17,0.0043346337,0.0009387524,0.0064815204,0.016463894,0.03319263,0.00088538945,0.099193364,0.26601267
44,"12-02, Amalia Wallenberg",2024-06-22,0.014307025,0.013962088,0.012251883,0.048134886,0.025462385,0.014880143,0.072370805,0.2833581
45,"12-02, Amalia Wallenberg",2024-06-23,0.006905126,0.010216929,0.008322,0.009401907,0.011840211,0.005369462,0.051588234,0.25765967
46,"12-02, Amalia Wallenberg",2024-06-24,0.013698297,0.017324029,0.010610946,0.029526263,0.019084418,0.01382605,0.081150666,0.270364
47,"12-02, Amalia Wallenberg",2024-07-01,0.0042498703,0.0057920595,0.0040765423,0.0126675265,0.009574262,0.006527489,0.035545256,0.25306246
48,"12-02, Amalia Wallenberg",2024-07-02,0.009734851,0.013241519,0.009801036,0.00494485,0.018484384,0.0024816648,0.0155681,0.25829002
49,"12-02, Amalia Wallenberg",2024-07-05,0.0054834913,0.0066617015,0.008638545,0.026220568,0.01943539,0.02684308,0.056359835,0.26118058
50,"12-02, Amalia Wallenberg",2024-07-06,0.022419248,0.03519786,0.026364189,0.040357754,0.02975102,0.026881283,0.05897274,0.27430806
51,"12-02, Amalia Wallenberg",2024-07-08,0.0074482965,0.005412265,0.009576098,0.023904657,0.01816701,0.0075330813,0.04586428,0.2577168
52,"12-02, Amalia Wallenberg",2024-07-12,0.014857853,0.020002546,0.013886369,0.025831979,0.018720469,0.008988499,0.09923625,0.26700503
53,"12-02, Amalia Wallenberg",2024-07-14,0.011063246,0.016937228,0.011277659,0.01656431,0.013111299,0.017617138,0.02577331,0.2624448
54,"12-02, Amalia Wallenberg",2024-07-15,0.005489307,0.005480598,0.0063656243,0.0110408915,0.017270576,0.0062146964,0.035824433,0.25586662
55,"12-02, Amalia Wallenberg",2024-07-16,0.008481535,0.010306655,0.0072312797,0.011227509,0.009656468,0.0032011755,0.023513326,0.2590249
56,"12-02, Amalia Wallenberg",2024-07-19,0.0050720093,0.005419729,0.00735068,0.024393922,0.011575506,0.0017795195,0.030331226,0.26605946
57,"12-02, Amalia Wallenberg",2024-07-20,0.021762803,0.03259537,0.025791548,0.035389796,0.031608477,0.0020909337,0.08393451,0.261569
58,"12-02, Amalia Wallenberg",2024-07-22,0.00767552,0.006771145,0.0098365005,0.007205619,0.010503217,0.0032332998,0.03266363,0.2527279
59,"12-02, Amalia Wallenberg",2024-07-23,0.004317279,0.0075503257,0.0064380746,0.019611785,0.009858029,0.0030327854,0.04234713,0.2546474
60,"12-02, Amalia Wallenberg",2024-07-25,0.014354301,0.018253505,0.015652476,0.030195966,0.023249457,0.009382922,0.032889046,0.26627967
61,"12-02, Amalia Wallenberg",2024-07-26,0.0075677494,0.008317424,0.009545986,0.0051794406,0.008232907,0.0029995781,0.04754277,0.25084242
62,"12-02, Amalia Wallenberg",2024-07-27,0.0077532097,0.013211442,0.011706883,0.015842916,0.013734235,0.0021730992,0.020957438,0.25658894
63,"12-02, Amalia Wallenberg",2024-07-28,0.009424566,0.013224655,0.0102814855,0.009601477,0.016007183,0.0054507004,0.03182678,0.2538097
64,"12-04, Lars Prytz",2024-05-03,0.019254178,0.032728065,0.02552854,0.014720844,0.020156492,0.004868623,0.07517204,0.26222634
65,"12-04, Lars Prytz",2024-05-05,0.009567358,0.014308409,0.010501855,0.006111395,0.011421472,0.0064267665,0.07273848,0.25123772
66,"12-04, Lars Prytz",2024-05-06,0.0127063375,0.013570148,0.011945225,0.019065846,0.012832298,0.014241067,0.08674311,0.25985807
67,"12-04, Lars Prytz",2024-05-12,0.0036280733,0.0020490726,0.0031058425,0.0048143915,0.011378045,0.0056674406,0.0583202,0.25792274
68,"12-04, Lars Prytz",2024-05-13,0.0075149676,0.0008939798,0.004230757,0.007971714,0.0076045576,0.0034566422,0.014844521,0.25385416
69,"12-04, Lars Prytz",2024-05-15,0.004658794,0.008878469,0.0062520807,0.0060546827,0.008906518,0.004031015,0.028678197,0.2562306
70,"12-04, Lars Prytz",2024-05-25,0.0050507025,0.0042055016,0.005071308,0.012881386,0.009756868,0.00554769,0.10145586,0.23418334
71,"12-04, Lars Prytz",2024-05-27,0.030761175,0.020576723,0.015331253,0.022425689,0.016536776,0.010836056,0.05020164,0.26860765
72,"12-04, Lars Prytz",2024-05-28,0.027916506,0.045928013,0.03152075,0.012400877,0.015341906,0.010416068,0.05315704,0.2557104
73,"12-04, Lars Prytz",2024-05-29,0.045813322,0.034102075,0.0236189,0.013319847,0.020364597,0.008184282,0.058421843,0.25889516
74,"12-04, Lars Prytz",2024-05-30,0.01862005,0.024892895,0.018233793,0.021337425,0.022108175,0.00957956,0.05675334,0.26698825
75,"12-04, Lars Prytz",2024-06-02,0.0016238315,0.002357773,0.005533404,0.0035474903,0.005863209,0.0025067043,0.062278863,0.25023502
76,"12-04, Lars Prytz",2024-06-03,0.0062395586,0.0038463052,0.006928353,0.009820659,0.009437788,0.0022055837,0.05559737,0.26027957
77,"12-04, Lars Prytz",2024-06-06,0.007378224,0.017188586,0.01036443,0.0050123576,0.00989926,0.010985502,0.03409108,0.25498477
78,"12-04, Lars Prytz",2024-06-12,0.013095227,0.020982673,0.01271518,0.005827611,0.011704435,0.0016717161,0.034780428,0.25154492
79,"12-04, Lars Prytz",2024-06-16,0.0073378617,0.0166101,0.011931266,0.0029958375,0.01279347,0.0047315652,0.025570141,0.2549058
80,"12-04, Lars Prytz",2024-06-25,0.012664067,0.020814305,0.016056944,0.008042097,0.015007202,0.0072161327,0.0354712,0.25680804
81,"12-04, Lars Prytz",2024-06-27,0.026573036,0.0404128,0.02359952,0.06708158,0.033535313,0.028548682,0.064709276,0.30767345
82,"12-04, Lars Prytz",2024-07-02,0.014435056,0.019845106,0.015938347,0.008695837,0.011832522,0.0038257742,0.053963758,0.2573858
83,"12-04, Lars Prytz",2024-07-03,0.007871053,0.011399264,0.008719221,0.0070607727,0.008202292,0.0028044037,0.029584378,0.25733894
84,"12-04, Lars Prytz",2024-07-06,0.0110231815,0.01949504,0.013772995,0.006799651,0.010544872,0.009642025,0.033381205,0.2549963
85,"12-04, Lars Prytz",2024-07-09,0.003714463,0.0011061722,0.0055213952,0.006635817,0.022916462,0.0020056795,0.03653583,0.25802377
86,"12-04, Lars Prytz",2024-07-10,0.001815197,0.0012489891,0.004907541,0.008243568,0.008997222,0.0011939954,0.022778433,0.2577092
87,"12-04, Lars Prytz",2024-07-13,0.00966263,0.0130213965,0.008555799,0.013341813,0.013796536,0.007832698,0.04965303,0.2622636
88,"12-04, Lars Prytz",2024-07-18,0.016940858,0.020626815,0.014204325,0.031522483,0.01639052,0.010881589,0.06077223,0.2714091
89,"12-04, Lars Prytz",2024-07-22,0.008851041,0.00029661643,0.008063877,0.008914232,0.06713828,0.0010938351,0.04606128,0.255921
90,"12-04, Lars Prytz",2024-07-23,0.017771233,0.02545332,0.017971173,0.019418215,0.018161226,0.008913746,0.05273024,0.26397175
91,"12-04, Lars Prytz",2024-07-26,0.00735402,0.00029735448,0.007665188,0.020558821,0.05043983,0.0053782053,0.020638917,0.26575854
92,"12-10, Drottning Silvia",2024-03-18,0.0052329903,0.00766546,0.008558433,0.017802443,0.041043997,0.0036503046,0.07428218,0.2535266
93,"12-10, Drottning Silvia",2024-03-19,0.00902787,0.012970963,0.010262005,0.0074374895,0.018806659,0.0026359865,0.041703247,0.25030372
94,"12-10, Drottning Silvia",2024-03-20,0.0076708104,0.01540971,0.012159117,0.006993945,0.011265118,0.002714119,0.03718864,0.25343817
95,"12-10, Drottning Silvia",2024-03-21,0.004659586,0.006098011,0.0069373366,0.008062103,0.010725648,0.0029947506,0.039122336,0.25367165
96,"12-10, Drottning Silvia",2024-03-22,0.008426327,0.0134712355,0.009884017,0.007901939,0.014383152,0.0069967513,0.045837175,0.25217995
97,"12-10, Drottning Silvia",2024-03-23,0.008331863,0.0127085885,0.010440321,0.01202685,0.02795881,0.006448843,0.043688033,0.2534479
98,"12-10, Drottning Silvia",2024-03-24,0.011834052,0.017835842,0.01457828,0.012145315,0.018416075,0.004756979,0.07594102,0.2559496
99,"12-10, Drottning Silvia",2024-03-25,0.006357755,0.010308471,0.008645281,0.006480918,0.0072544185,0.0019260844,0.05724204,0.25253782
100,"12-10, Drottning Silvia",2024-03-26,0.009496631,0.016324274,0.011854646,0.0093826195,0.009823602,0.005409946,0.040596448,0.25627372
101,"12-10, Drottning Silvia",2024-03-27,0.0073832897,0.011860403,0.009558297,0.04423171,0.04529391,0.004564931,0.07030766,0.25508404
102,"12-10, Drottning Silvia",2024-03-28,0.009473663,0.014145868,0.011594617,0.009907386,0.009941971,0.007743039,0.05930525,0.25837913
103,"12-10, Drottning Silvia",2024-03-29,0.009378071,0.0127779385,0.010118921,0.008064682,0.009864688,0.0066638645,0.050244115,0.25562716
104,"12-10, Drottning Silvia",2024-03-31,0.010498373,0.016084194,0.013310724,0.0036317469,0.006838551,0.0025943022,0.021171829,0.24901308
105,"12-10, Drottning Silvia",2024-04-01,0.0103165405,0.009737135,0.009710891,0.026655558,0.0623239,0.0056188814,0.055964883,0.25687248
106,"12-10, Drottning Silvia",2024-04-02,0.010942194,0.014348825,0.010296833,0.024872635,0.08259314,0.020247547,0.101437256,0.25187272
107,"12-10, Drottning Silvia",2024-04-04,0.012183231,0.016101044,0.010791527,0.02893747,0.071810864,0.0072964197,0.048480526,0.25074124
108,"12-10, Drottning Silvia",2024-04-05,0.005501107,0.0093043605,0.008633678,0.011567412,0.015139835,0.0020961473,0.08250255,0.2556561
109,"12-10, Drottning Silvia",2024-04-06,0.02967474,0.024337174,0.015648663,0.14693652,0.106784694,0.021051396,0.05485435,0.28112435
110,"12-10, Drottning Silvia",2024-04-07,0.003610649,0.0047194287,0.0055303946,0.061476167,0.014467608,0.005846633,0.038224597,0.2541036
111,"12-10, Drottning Silvia",2024-04-08,0.009195036,0.013583264,0.011364791,0.030917939,0.013717879,0.006308105,0.043439813,0.25503775
112,"12-10, Drottning Silvia",2024-04-09,0.0177003,0.01796497,0.011724904,0.08880782,0.052351944,0.011366406,0.05963049,0.27145633
113,"12-10, Drottning Silvia",2024-04-10,0.013964079,0.021487124,0.012832328,0.00560297,0.0070315967,0.025153084,0.0421279,0.25382647
114,"12-10, Drottning Silvia",2024-04-11,0.0086987,0.01612819,0.009873579,0.042826027,0.0445905,0.015207113,0.046165742,0.25182247
115,"12-10, Drottning Silvia",2024-04-12,0.00863572,0.011949031,0.010734632,0.016827935,0.042348012,0.003718409,0.021713523,0.25506726
116,"12-10, Drottning Silvia",2024-04-13,0.009558081,0.012891245,0.010283864,0.007024486,0.015418649,0.008681421,0.055203978,0.25504982
117,"12-10, Drottning Silvia",2024-04-14,0.009313217,0.011286778,0.0073268875,0.029129513,0.0717655,0.02278434,0.044105437,0.24939941
118,"12-10, Drottning Silvia",2024-04-15,0.010458444,0.01275604,0.011435581,0.013720745,0.012797188,0.005331638,0.050171062,0.25506523
119,"12-10, Drottning Silvia",2024-04-16,0.024496872,0.030064939,0.020378225,0.043749943,0.10036832,0.010368777,0.049048252,0.25679278
120,"12-10, Drottning Silvia",2024-04-17,0.014006982,0.008364147,0.008724716,0.015527934,0.03267885,0.0030891548,0.057483114,0.25204718
121,"12-10, Drottning Silvia",2024-04-18,0.008874028,0.011980105,0.010824458,0.012081886,0.010763039,0.0071348175,0.08654415,0.25739253
122,"12-10, Drottning Silvia",2024-04-19,0.016708888,0.023839664,0.018290333,0.058402907,0.15428147,0.0023393596,0.045103837,0.25211573
123,"12-10, Drottning Silvia",2024-04-20,0.023405848,0.01110822,0.01140599,0.030547429,0.048620917,0.0056733587,0.06715998,0.25081044
124,"12-10, Drottning Silvia",2024-04-21,0.011099284,0.017877983,0.012724421,0.006917004,0.0077291443,0.011493954,0.06686033,0.25275043
125,"12-10, Drottning Silvia",2024-04-23,0.01478079,0.025223803,0.018490821,0.010383403,0.014026954,0.004256656,0.049464814,0.2548913
126,"12-10, Drottning Silvia",2024-04-27,0.0069292937,0.0037621388,0.005877625,0.012612211,0.008147427,0.004951602,0.04793835,0.25415546
127,"12-10, Drottning Silvia",2024-04-28,0.00958817,0.017961191,0.016733598,0.01598957,0.006035759,0.0021059387,0.042085547,0.25314888
128,"12-10, Drottning Silvia",2024-04-30,0.020327145,0.0049262964,0.014576886,0.032680135,0.06875467,0.0030161515,0.028633753,0.262275
129,"12-10, Drottning Silvia",2024-05-01,0.0073242914,0.008430407,0.014714174,0.010496152,0.024497282,0.008974522,0.1303312,0.25812408
130,"12-10, Drottning Silvia",2024-05-02,0.059196975,0.0075295833,0.018860186,0.012666941,0.023103707,0.008534236,0.08078981,0.26467487
131,"12-10, Drottning Silvia",2024-05-03,0.014333524,0.011750905,0.01807458,0.023845688,0.035527594,0.013663124,0.07023357,0.2488929
132,"12-10, Drottning Silvia",2024-05-06,0.08426346,0.084653795,0.13369387,0.065314665,0.120922215,0.027279496,0.18460849,0.28875098
133,"12-10, Drottning Silvia",2024-05-08,0.061570268,0.02216339,0.030410398,0.040799536,0.05693417,0.015135842,0.02795789,0.25844225
134,"12-10, Drottning Silvia",2024-05-10,0.012504904,0.02068692,0.017229585,0.016423572,0.010186938,0.009762591,0.052071605,0.25659102
135,"12-10, Drottning Silvia",2024-05-11,0.012912772,0.018021455,0.015728887,0.011035985,0.017333806,0.008694921,0.056761052,0.26267073
136,"12-10, Drottning Silvia",2024-05-12,0.007727825,0.008491672,0.00680491,0.012073598,0.00743429,0.0035187209,0.03063576,0.25321656
137,"12-10, Drottning Silvia",2024-05-13,0.010374941,0.012460523,0.011544161,0.019639332,0.015270446,0.010870444,0.040327705,0.26567826
138,"12-10, Drottning Silvia",2024-05-14,0.014861716,0.021836689,0.01709646,0.011335013,0.013284621,0.0066796537,0.035962358,0.25602052
139,"12-10, Drottning Silvia",2024-05-15,0.005316053,0.0073590497,0.009259829,0.0043383543,0.0047215964,0.0013622717,0.04490805,0.255093
140,"12-10, Drottning Silvia",2024-05-16,0.013573559,0.01775739,0.013750077,0.0063764676,0.010603193,0.0029810239,0.03175461,0.25175482
141,"12-10, Drottning Silvia",2024-05-17,0.014618538,0.011869727,0.009601879,0.004947884,0.009081119,0.0019047032,0.028361047,0.25273305
142,"12-10, Drottning Silvia",2024-05-18,0.011194875,0.013147553,0.011879796,0.0077029373,0.011268951,0.0044692564,0.03412697,0.25385246
143,"12-10, Drottning Silvia",2024-05-19,0.01380098,0.017143304,0.013353492,0.010876424,0.010244452,0.011132791,0.041089177,0.25647607
144,"12-10, Drottning Silvia",2024-05-20,0.011501278,0.014747286,0.011994584,0.014308859,0.01113716,0.007947158,0.067236625,0.25911063
145,"12-10, Drottning Silvia",2024-05-27,0.013193627,0.017718907,0.012368453,0.025294755,0.013947023,0.00799495,0.05655906,0.26347262
146,"12-10, Drottning Silvia",2024-05-30,0.017413605,0.026372507,0.021447223,0.009932661,0.0156209795,0.0063964794,0.057640314,0.2560009
147,"12-10, Drottning Silvia",2024-05-31,0.009320858,0.012467675,0.010686534,0.0061870744,0.0073515577,0.0027641943,0.05845957,0.25312826
148,"12-10, Drottning Silvia",2024-06-01,0.012714495,0.019837342,0.014751192,0.006828094,0.009479505,0.0013792668,0.056247912,0.2551815
149,"12-10, Drottning Silvia",2024-06-02,0.008643701,0.011590988,0.00896466,0.0065839095,0.008122082,0.0036216327,0.048234645,0.25079572
150,"12-10, Drottning Silvia",2024-06-03,0.019362219,0.016445383,0.014428766,0.012812857,0.014946422,0.008270959,0.03711774,0.26152834
151,"12-10, Drottning Silvia",2024-06-04,0.007880582,0.010931306,0.010279534,0.0065467595,0.0074585564,0.0038012676,0.02894867,0.25525334
152,"12-10, Drottning Silvia",2024-06-05,0.006881704,0.010875637,0.008805715,0.00539164,0.006558609,0.01743536,0.047105547,0.2549406
153,"12-10, Drottning Silvia",2024-06-06,0.009323093,0.014176187,0.011109676,0.0060030557,0.008496266,0.007270088,0.045039285,0.25535536
154,"12-10, Drottning Silvia",2024-06-07,0.0076687266,0.010813239,0.010111604,0.004649796,0.005654081,0.0037485878,0.038068347,0.25163838
155,"12-10, Drottning Silvia",2024-06-08,0.009790932,0.010291181,0.01453269,0.0048197666,0.006770647,0.003733148,0.027439069,0.25373682
156,"12-10, Drottning Silvia",2024-06-09,0.01070892,0.02255627,0.015498384,0.008503807,0.00747877,0.01230751,0.051332813,0.25056055
157,"12-10, Drottning Silvia",2024-06-11,0.008693796,0.012722913,0.009720094,0.01192116,0.0075515835,0.0050259777,0.038422275,0.25255
158,"12-10, Drottning Silvia",2024-06-12,0.0131786,0.017255101,0.014125468,0.022262681,0.013855391,0.008777109,0.04449155,0.2649373
159,"12-10, Drottning Silvia",2024-06-13,0.008099806,0.012085855,0.009983505,0.007882371,0.007435274,0.004635835,0.030277228,0.2575532
160,"12-10, Drottning Silvia",2024-06-14,0.007936952,0.01288629,0.009887663,0.008070267,0.008281426,0.003228782,0.02971022,0.25739157
161,"12-10, Drottning Silvia",2024-06-15,0.0085432725,0.00965952,0.008901162,0.006549955,0.008246842,0.0058802734,0.036096353,0.25519633
162,"12-10, Drottning Silvia",2024-06-16,0.010719573,0.01505632,0.011547988,0.012607092,0.009215226,0.0063567455,0.031067142,0.2561104
163,"12-10, Drottning Silvia",2024-06-17,0.012422098,0.014800781,0.013548926,0.018536653,0.016110556,0.009479866,0.050702497,0.26154715
164,"12-10, Drottning Silvia",2024-06-18,0.01254117,0.022273622,0.018479804,0.008576057,0.013963233,0.00776203,0.0321658,0.25230038
165,"12-10, Drottning Silvia",2024-06-19,0.029774839,0.040821403,0.01923639,0.0762494,0.033291753,0.03351403,0.075112194,0.31530288
166,"12-10, Drottning Silvia",2024-06-20,0.014582925,0.017583553,0.012911655,0.008608236,0.0103126075,0.015724514,0.047536142,0.25462744
167,"12-10, Drottning Silvia",2024-06-21,0.01168945,0.018021848,0.013456031,0.004146006,0.0078108013,0.0032620325,0.025215263,0.2499933
168,"12-10, Drottning Silvia",2024-06-22,0.009667647,0.008309317,0.008990154,0.012209593,0.008640863,0.0066674515,0.039038975,0.2569709
169,"12-10, Drottning Silvia",2024-06-23,0.009370185,0.011663897,0.010744113,0.014778467,0.011458393,0.0071133818,0.049750447,0.26063076
170,"12-10, Drottning Silvia",2024-06-25,0.0121707,0.014925536,0.014201518,0.019596035,0.012265063,0.011037955,0.05578907,0.26243007
171,"12-10, Drottning Silvia",2024-06-26,0.0055001387,0.010303686,0.009154608,0.0044570616,0.005324435,0.0026507478,0.030309279,0.2511883
172,"12-10, Drottning Silvia",2024-06-27,0.011368896,0.0134633435,0.010460844,0.019457685,0.013671549,0.00676192,0.044497762,0.2633088
173,"12-10, Drottning Silvia",2024-06-28,0.005593359,0.009372337,0.0085171005,0.009373526,0.007877427,0.002211467,0.029767517,0.25423133
174,"12-10, Drottning Silvia",2024-06-29,0.011895864,0.020396808,0.015669249,0.010609248,0.012836387,0.018123586,0.04663628,0.25769767
175,"12-10, Drottning Silvia",2024-06-30,0.014577403,0.032017935,0.018596914,0.007912046,0.010263211,0.0036087984,0.04199272,0.25093454
176,"12-10, Drottning Silvia",2024-07-01,0.013661786,0.017749516,0.016147112,0.012817949,0.0119256545,0.008177876,0.042692397,0.25581816
177,"12-10, Drottning Silvia",2024-07-02,0.0072330995,0.0061603095,0.007163364,0.008369776,0.008925332,0.0020170538,0.03394485,0.25364122
178,"12-10, Drottning Silvia",2024-07-03,0.018052394,0.012530478,0.01395289,0.014502458,0.010405761,0.0057324986,0.048578937,0.25752315
179,"12-10, Drottning Silvia",2024-07-04,0.015222848,0.023081517,0.015593123,0.009175562,0.008358165,0.014161301,0.029754838,0.25502282
180,"12-10, Drottning Silvia",2024-07-05,0.011001629,0.010417599,0.009736111,0.0037109095,0.0065622507,0.0054783067,0.030086916,0.25364733
181,"12-10, Drottning Silvia",2024-07-06,0.012674146,0.01881604,0.014942915,0.005359699,0.009297598,0.0076579466,0.037567813,0.2538898
182,"12-10, Drottning Silvia",2024-07-07,0.011546224,0.00803646,0.0057563777,0.0083992975,0.006632749,0.03343567,0.041712414,0.25281864
183,"12-10, Drottning Silvia",2024-07-08,0.01483943,0.021287227,0.016113874,0.011048719,0.009942904,0.009431546,0.047585662,0.25939777
184,"12-10, Drottning Silvia",2024-07-10,0.01040035,0.011336275,0.008789799,0.011595308,0.011287835,0.009632003,0.056943502,0.25442547
185,"12-10, Drottning Silvia",2024-07-11,0.012395655,0.015376964,0.012135161,0.011716398,0.010823924,0.0066106855,0.045415267,0.25611252
186,"12-10, Drottning Silvia",2024-07-13,0.0063797035,0.0077209407,0.0074516223,0.0059523163,0.007103463,0.0051916153,0.047081687,0.25332487
187,"12-10, Drottning Silvia",2024-07-14,0.011601605,0.012581552,0.009571791,0.0046628295,0.0067082234,0.008796442,0.036970876,0.24987596
188,"12-10, Drottning Silvia",2024-07-15,0.007974506,0.01248353,0.010527794,0.0067547956,0.009036864,0.0053855423,0.037402444,0.2536969
189,"12-10, Drottning Silvia",2024-07-16,0.027699508,0.0096795745,0.013007912,0.03175868,0.027737757,0.008636786,0.04234036,0.2600316
190,"12-10, Drottning Silvia",2024-07-24,0.013382618,0.022761187,0.01791607,0.0058468943,0.010916714,0.0025724052,0.031699233,0.25242245
191,"12-10, Drottning Silvia",2024-07-26,0.009745066,0.01392403,0.012307457,0.0089061875,0.008654483,0.0056011667,0.030978484,0.25485396
192,"12-10, Drottning Silvia",2024-07-27,0.00723735,0.010411146,0.009049069,0.0036252062,0.006973672,0.0029658873,0.022885356,0.25131184
193,"12-10, Drottning Silvia",2024-07-28,0.010343176,0.012450276,0.0098083485,0.0037647174,0.005174258,0.0030645598,0.02889616,0.25092652
194,"12-11, Lovisa Åstrand",2024-03-20,0.0062470245,0.0074066333,0.0074453624,0.008409531,0.020938933,0.0024287119,0.05585409,0.2516093
195,"12-11, Lovisa Åstrand",2024-03-23,0.0047160843,0.0043468564,0.006271332,0.012642937,0.02261046,0.0073660146,0.04471465,0.25229555
196,"12-11, Lovisa Åstrand",2024-03-24,0.0020635473,0.0018878967,0.0046030944,0.0032643185,0.0063673533,0.002822563,0.03971955,0.24995297
197,"12-11, Lovisa Åstrand",2024-03-25,0.0027955447,0.0019094775,0.0025586947,0.026360864,0.009525236,0.00066959875,0.03422765,0.2559049
198,"12-11, Lovisa Åstrand",2024-04-01,0.0062931906,0.008905092,0.008773395,0.047146436,0.01903257,0.0082451925,0.046810135,0.25851738
199,"12-11, Lovisa Åstrand",2024-04-05,0.0031240208,0.004085967,0.008406024,0.0066741034,0.0076505863,0.009429702,0.037196156,0.25875983
200,"12-11, Lovisa Åstrand",2024-04-07,0.012810133,0.011552291,0.010957386,0.024025269,0.014328452,0.009078849,0.03817441,0.24896784
201,"12-11, Lovisa Åstrand",2024-04-08,0.034828007,0.03675633,0.023024542,0.087070316,0.043481857,0.035000138,0.10728535,0.32235387
202,"12-11, Lovisa Åstrand",2024-04-14,0.026881807,0.023680612,0.00702133,0.011594117,0.013064298,0.22906604,0.057035793,0.25257975
203,"12-11, Lovisa Åstrand",2024-04-20,0.0058668484,0.023643754,0.0136322295,0.029837003,0.016497819,0.006460361,0.044782862,0.25494355
204,"12-11, Lovisa Åstrand",2024-04-21,0.0026373626,0.003290181,0.0063346005,0.062299408,0.05571324,0.0059744767,0.023482498,0.2583552
205,"12-11, Lovisa Åstrand",2024-04-28,0.0060815904,0.010013263,0.009479868,0.004846652,0.014556977,0.006856605,0.056410816,0.2576843
206,"12-11, Lovisa Åstrand",2024-05-06,0.003825477,0.002621958,0.004298916,0.008246462,0.007791835,0.006015021,0.0624404,0.25238463
207,"12-11, Lovisa Åstrand",2024-05-11,0.007824824,0.010793354,0.00944785,0.0027971598,0.014877687,0.0033044852,0.0380559,0.24914616
208,"12-11, Lovisa Åstrand",2024-05-13,0.010217564,0.01757267,0.011566838,0.018058898,0.015605057,0.009268532,0.040175073,0.2681386
209,"12-11, Lovisa Åstrand",2024-05-23,0.003752169,0.001957194,0.0065149833,0.00651462,0.008235051,0.0043651653,0.05368146,0.2573745
210,"12-11, Lovisa Åstrand",2024-05-27,0.01176071,0.017089631,0.013251177,0.021388387,0.017446103,0.009623301,0.055995014,0.26954454
211,"12-11, Lovisa Åstrand",2024-06-10,0.011274252,0.023031771,0.0125192,0.014074048,0.016559033,0.05211569,0.071519874,0.253124
212,"12-11, Lovisa Åstrand",2024-06-24,0.011918316,0.017175104,0.01295397,0.017327774,0.013302742,0.010083657,0.041722465,0.25823593
213,"12-11, Lovisa Åstrand",2024-07-01,0.015690198,0.026340092,0.017385138,0.01764898,0.015229764,0.013742873,0.047364093,0.25922433
214,"12-11, Lovisa Åstrand",2024-07-02,0.01729898,0.030555328,0.020179078,0.013262603,0.016707795,0.017741166,0.044500742,0.25382927
215,"12-11, Lovisa Åstrand",2024-07-03,0.0064527146,0.014436567,0.008251657,0.0043408102,0.014714536,0.010346918,0.04767966,0.25206065
216,"12-11, Lovisa Åstrand",2024-07-04,0.0034032657,0.0029362566,0.0025268288,0.003117763,0.012318681,0.010480761,0.027128186,0.25470802
217,"12-11, Lovisa Åstrand",2024-07-05,0.0089822905,0.014835061,0.009145742,0.007899488,0.016572451,0.026107853,0.03204705,0.25374255
218,"12-11, Lovisa Åstrand",2024-07-06,0.015483276,0.022839326,0.018554237,0.020824343,0.018280558,0.026063468,0.047803394,0.26463908
219,"12-11, Lovisa Åstrand",2024-07-07,0.008562933,0.017028948,0.009322959,0.006968074,0.014616731,0.030391408,0.05141822,0.25049862
220,"12-11, Lovisa Åstrand",2024-07-11,0.008445737,0.017604345,0.011981846,0.0062840744,0.01610705,0.0044592074,0.037778664,0.251376
221,"12-11, Lovisa Åstrand",2024-07-12,0.014605671,0.027711349,0.015478937,0.028377322,0.02178662,0.01216994,0.03871007,0.27680835
222,"12-11, Lovisa Åstrand",2024-07-15,0.014466339,0.02792664,0.018187637,0.02624151,0.021563988,0.012666953,0.05269041,0.27181467
223,"12-11, Lovisa Åstrand",2024-07-18,0.011812951,0.030873023,0.016794955,0.008797323,0.01530751,0.027209029,0.04297432,0.25235057
224,"12-11, Lovisa Åstrand",2024-07-19,0.008660715,0.025489008,0.014597728,0.0061362525,0.018490376,0.007916294,0.03913346,0.2539009
225,"12-11, Lovisa Åstrand",2024-07-20,0.00995921,0.017464103,0.012512655,0.010435315,0.019630091,0.008573196,0.028711285,0.258387
226,"12-11, Lovisa Åstrand",2024-07-21,0.0050222366,0.0072614537,0.006137517,0.009283471,0.00981345,0.006973831,0.03650484,0.26043814
227,"12-11, Lovisa Åstrand",2024-07-23,0.0070638387,0.026724307,0.014195608,0.007878133,0.016625267,0.004725643,0.03815888,0.25226918
228,"12-11, Lovisa Åstrand",2024-07-24,0.012314057,0.02151268,0.014678551,0.007834866,0.021903781,0.0070759226,0.060005244,0.25479707
229,"12-11, Lovisa Åstrand",2024-07-25,0.006997669,0.009209752,0.008291522,0.0057531926,0.0120631615,0.005444689,0.032154206,0.25212455
230,"12-11, Lovisa Åstrand",2024-07-28,0.011646538,0.026026564,0.011833262,0.00997937,0.011784712,0.043130964,0.061651386,0.25014234
